Ticker;longName;sector;industry;Marketcap;trailingPE;priceToBook;beta;returnOnEquity;revenueGrowth;debtToEquity;operatingMargins;Yearly_Return;Yearly_Volatility
AOS;A. O. Smith Corporation;Industrials;Specialty Industrial Machinery;10.65;20.00;5.74;1.34;0.2920;0.0000;10.9740;0.1795;0.1862;0.2533
AIR;AAR Corp.;Industrials;Aerospace & Defense;4.56;44.97;2.88;1.21;0.0686;0.1590;66.8910;0.0851;0.8536;0.3983
ABM;ABM Industries Incorporated;Industrials;Specialty Business Services;2.60;17.12;1.49;0.72;0.0910;0.0540;94.8360;0.0345;-0.1359;0.3231
AYI;Acuity Inc.;Industrials;Electrical Equipment & Parts;9.25;23.18;3.29;1.50;0.1561;0.2020;32.5730;0.1395;-0.0136;0.3447
AEBI;Aebi Schmidt Holding AG;Industrials;Farm & Heavy Construction Machinery;1.17;107.82;1.43;;;0.7960;100.1880;0.0391;0.3583;0.5677
AGCO;AGCO Corporation;Industrials;Farm & Heavy Construction Machinery;10.22;14.05;2.33;1.17;0.1669;0.0110;57.2270;0.0944;0.4335;0.3946
AL;Air Lease Corporation;Industrials;Rental & Leasing Services;7.26;6.98;0.86;1.13;0.1360;0.1510;232.8660;0.5530;0.3870;0.2740
ALG;Alamo Group Inc.;Industrials;Farm & Heavy Construction Machinery;2.55;21.80;2.23;1.12;0.1082;0.0470;19.8990;0.0894;0.1400;0.2866
ALK;Alaska Air Group. Inc.;Industrials;Airlines;5.75;60.47;1.41;1.17;0.0236;0.0280;167.3870;0.0319;-0.3060;0.5347
AMTM;Amentum Holdings. Inc.;Industrials;Specialty Business Services;7.33;75.15;1.61;;0.0178;-0.0520;84.4060;0.0361;0.5174;0.5274
AMRC;Ameresco. Inc.;Industrials;Engineering & Construction;1.76;27.97;1.66;2.53;0.0662;0.0500;224.8430;0.0779;0.8186;0.9606
AIT;Applied Industrial Technologies. Inc.;Industrials;Industrial Distribution;10.30;26.04;5.45;0.82;0.2202;0.0840;30.5320;0.1059;0.1207;0.3390
ARMK;Aramark;Industrials;Specialty Business Services;10.55;33.74;3.29;1.17;0.1004;0.0610;203.4200;0.0450;0.0926;0.2992
ARCB;ArcBest Corporation;Industrials;Trucking;2.26;38.31;1.73;1.51;0.0461;-0.0290;35.8550;-0.0015;0.1558;0.5632
ACA;Arcosa. Inc.;Industrials;Engineering & Construction;6.04;40.74;2.34;1.00;0.0592;0.2460;63.6350;0.1409;0.3382;0.3529
ASTE;Astec Industries. Inc.;Industrials;Farm & Heavy Construction Machinery;1.31;27.37;1.96;1.44;0.0737;0.2010;52.6160;0.0406;0.9054;0.3930
AZZ;AZZ Inc.;Industrials;Specialty Business Services;3.97;12.41;2.99;1.12;0.2738;0.0550;43.1050;0.1632;0.3834;0.3205
BLBD;Blue Bird Corporation;Industrials;Farm & Heavy Construction Machinery;1.90;15.18;7.02;1.43;0.5753;0.0610;32.8540;0.1130;0.7022;0.4165
BAH;Booz Allen Hamilton Holding Corporation;Industrials;Consulting Services;9.04;11.12;8.84;0.35;0.7508;-0.1020;403.6100;0.0973;-0.3170;0.4123
BRC;Brady Corporation;Industrials;Security & Protection Services;4.26;22.00;3.24;0.61;0.1678;0.0770;11.0350;0.1619;0.2908;0.2397
BWLP;BW LPG Limited;Industrials;Marine Shipping;2.64;15.71;1.48;-0.01;0.1157;0.1720;56.5250;0.0733;0.5340;0.4259
CDLR;Cadeler A/S;Industrials;Engineering & Construction;2.30;7.28;5.41;0.63;0.2091;0.9150;99.1030;0.5166;0.4132;0.4189
CDRE;Cadre Holdings. Inc.;Industrials;Aerospace & Defense;1.75;38.70;5.13;1.36;0.1417;0.4250;99.3110;0.1370;0.3022;0.4321
CAE;CAE Inc.;Industrials;Aerospace & Defense;9.40;33.58;2.49;1.16;0.0773;0.0230;61.8290;0.1362;0.1740;0.3143
CCEC;Capital Clean Energy Carriers Corp.;Industrials;Marine Shipping;1.35;16.58;0.92;0.65;0.0783;-0.0300;165.7030;0.5101;0.2651;0.4178
CBZ;CBIZ. Inc.;Industrials;Specialty Business Services;1.49;22.48;0.78;0.90;0.0744;0.5810;104.7220;0.1132;-0.6736;0.4648
CECO;CECO Environmental Corp.;Industrials;Pollution & Treatment Controls;2.72;53.40;8.80;1.37;0.1902;0.4580;79.0750;0.0529;2.3715;0.5140
ROAD;Construction Partners. Inc.;Industrials;Engineering & Construction;7.34;58.53;7.58;0.87;0.1371;0.4410;189.6800;0.0762;0.8510;0.4504
CPA;Copa Holdings. S.A.;Industrials;Airlines;5.81;8.67;2.10;0.88;0.2609;0.0960;83.0490;0.2177;0.5795;0.3025
CNM;Core & Main. Inc.;Industrials;Industrial Distribution;10.80;23.99;5.25;0.98;0.2397;0.0120;119.5130;0.1067;0.0980;0.4179
CXW;CoreCivic. Inc.;Industrials;Security & Protection Services;1.67;14.77;1.14;0.71;0.0804;0.2600;96.1500;0.0922;-0.1251;0.3475
CAAP;Corporación América Airports S.A.;Industrials;Airports & Air Services;4.67;26.25;3.23;0.76;0.1256;0.1420;75.2240;0.2790;0.5440;0.3992
CMRE;Costamare Inc.;Industrials;Marine Shipping;2.03;6.72;0.97;1.12;0.1677;-0.6130;70.1650;0.4751;0.6776;0.4397
CR;Crane Company;Industrials;Specialty Industrial Machinery;11.49;35.31;5.57;1.17;0.1791;0.0680;55.6460;0.1752;0.2374;0.3219
CSW;CSW Industrials. Inc.;Industrials;Specialty Industrial Machinery;5.07;40.28;4.69;0.82;0.1187;0.2030;80.6980;0.0744;0.0184;0.4169
DAC;Danaos Corporation;Industrials;Marine Shipping;1.97;4.27;0.52;1.00;0.1370;0.0310;30.4330;0.4617;0.3126;0.2625
DLX;Deluxe Corporation;Industrials;Conglomerates;1.19;14.66;1.75;1.37;0.1263;0.0280;221.6540;0.0995;0.6632;0.4305
DLB;Dolby Laboratories. Inc.;Industrials;Specialty Business Services;6.07;25.71;2.34;0.85;0.0946;-0.0290;1.5610;0.2095;-0.2045;0.2474
DCO;Ducommun Incorporated;Industrials;Aerospace & Defense;1.85;;2.84;1.05;-0.0526;0.0550;41.8260;0.0951;1.0264;0.3238
DXPE;DXP Enterprises. Inc.;Industrials;Industrial Distribution;2.29;27.71;4.68;0.97;0.1958;0.0860;140.8220;0.0851;0.6509;0.5118
EPAC;Enerpac Tool Group Corp.;Industrials;Specialty Industrial Machinery;2.17;24.72;5.02;0.96;0.2175;-0.0070;43.7210;0.1976;-0.0928;0.3376
ENS;EnerSys;Industrials;Electrical Equipment & Parts;6.20;20.88;3.26;1.10;0.1671;0.0140;62.2430;0.1409;0.6801;0.3911
ESAB;ESAB Corporation;Industrials;Metal Fabrication;7.75;27.91;3.51;1.21;0.1289;0.0750;60.8260;0.1680;0.0329;0.3892
ECG;Everus Construction Group. Inc.;Industrials;Engineering & Construction;5.48;30.23;9.55;;0.3526;0.2970;64.4940;0.0734;1.7791;0.5572
EXPO;Exponent. Inc.;Industrials;Engineering & Construction;3.46;33.76;8.83;0.78;0.2613;0.0450;21.2210;0.2252;-0.1789;0.2973
FSS;Federal Signal Corporation;Industrials;Pollution & Treatment Controls;7.06;30.38;5.34;1.34;0.1908;0.1700;18.3930;0.1712;0.2857;0.3768
FLS;Flowserve Corporation;Industrials;Specialty Industrial Machinery;11.18;33.33;5.10;1.31;0.1718;0.0350;78.0840;0.1435;0.6281;0.4825
FBIN;Fortune Brands Innovations. Inc.;Industrials;Building Products & Equipment;6.60;22.24;2.77;1.51;0.1242;-0.0240;106.5440;0.1301;-0.1355;0.4599
FELE;Franklin Electric Co.. Inc.;Industrials;Specialty Industrial Machinery;4.23;30.94;3.17;1.07;0.1145;0.0430;17.6340;-0.0053;-0.0747;0.2934
FCN;FTI Consulting. Inc.;Industrials;Consulting Services;5.15;20.37;2.80;0.08;0.1330;0.0330;43.9710;0.1231;-0.0416;0.2418
GTES;Gates Industrial Corporation plc;Industrials;Specialty Industrial Machinery;7.06;28.49;2.08;1.27;0.0788;0.0320;64.8140;0.1599;0.2540;0.4040
GATX;GATX Corporation;Industrials;Rental & Leasing Services;6.94;22.73;2.51;1.20;0.1098;0.0860;349.8310;0.3096;0.2202;0.2391
GEO;The GEO Group. Inc.;Industrials;Security & Protection Services;1.83;7.09;1.18;0.76;0.1792;0.1650;114.7090;0.1185;-0.4969;0.5089
GIC;Global Industrial Company;Industrials;Industrial Distribution;1.20;17.76;3.79;0.90;0.2285;0.0330;36.3920;0.0744;0.3583;0.4357
GSL;Global Ship Lease. Inc.;Industrials;Marine Shipping;1.42;4.19;0.82;0.88;0.2618;0.0970;42.2460;0.5241;0.8811;0.3187
GRC;The Gorman-Rupp Company;Industrials;Specialty Industrial Machinery;1.69;31.71;4.06;1.31;0.1345;0.0240;74.1530;0.1422;0.7057;0.3133
GVA;Granite Construction Incorporated;Industrials;Engineering & Construction;5.84;34.68;4.94;1.33;0.1915;0.1920;122.5990;0.0359;0.6489;0.2525
GBX;The Greenbrier Companies. Inc.;Industrials;Railroads;1.80;10.00;1.16;1.63;0.1141;-0.1940;106.4480;0.0615;0.0852;0.4031
HAFN;Hafnia Limited;Industrials;Marine Shipping;3.62;11.85;1.55;-0.27;0.1304;-0.1850;38.3800;0.1677;0.4892;0.4046
HAYW;Hayward Holdings. Inc.;Industrials;Electrical Equipment & Parts;3.45;25.66;2.27;1.13;0.0952;0.0740;67.1800;0.1692;0.1134;0.3456
HLIO;Helios Technologies. Inc.;Industrials;Specialty Industrial Machinery;2.40;71.75;2.61;1.28;0.0374;0.1330;47.6520;0.1235;0.8842;0.5380
HLMN;Hillman Solutions Corp.;Industrials;Tools & Accessories;1.68;42.60;1.36;1.66;0.0334;0.0450;62.2360;0.0516;-0.1598;0.4483
HUBG;Hub Group. Inc.;Industrials;Integrated Freight & Logistics;2.59;24.26;1.52;1.13;0.0624;-0.0530;28.4100;0.0416;0.0134;0.4175
HURN;Huron Consulting Group Inc.;Industrials;Consulting Services;2.20;21.28;4.06;0.09;0.2120;0.1680;131.0640;0.1238;0.0140;0.3976
ICFI;ICF International. Inc.;Industrials;Consulting Services;1.39;14.26;1.36;0.42;0.0988;-0.1000;61.2430;0.0826;-0.2415;0.3934
JBTM;JBT Marel Corporation;Industrials;Specialty Industrial Machinery;8.45;;1.91;0.98;-0.0365;1.2060;43.1870;0.1150;0.3901;0.4033
KAI;Kadant Inc.;Industrials;Specialty Industrial Machinery;3.82;37.54;3.85;1.23;0.1121;0.1090;37.7880;0.1428;-0.1380;0.3953
KBR;KBR. Inc.;Industrials;Engineering & Construction;5.32;12.95;3.58;0.51;0.2843;-0.0030;194.1460;0.0627;-0.1657;0.3236
KMT;Kennametal Inc.;Industrials;Tools & Accessories;2.95;27.09;2.24;1.50;0.0886;0.0980;47.4640;0.1023;0.8115;0.4067
KEX;Kirby Corporation;Industrials;Marine Shipping;7.17;20.34;2.04;0.85;0.1055;0.2060;;-0.5306;0.2738;0.3869
KFY;Korn Ferry;Industrials;Staffing & Employment Services;3.15;12.26;1.60;1.31;0.1422;0.0700;28.3910;0.1317;-0.0488;0.2902
LSTR;Landstar System. Inc.;Industrials;Integrated Freight & Logistics;5.06;44.91;6.36;0.83;0.1301;-0.0290;16.7750;0.0269;-0.0265;0.3473
DRS;Leonardo DRS. Inc.;Industrials;Aerospace & Defense;10.30;39.08;3.89;0.27;0.1035;0.1820;17.7870;0.0979;0.3314;0.3839
LNN;Lindsay Corporation;Industrials;Farm & Heavy Construction Machinery;1.43;20.02;2.76;0.80;0.1459;-0.0630;26.2220;0.1258;0.0392;0.2693
LPX;Louisiana-Pacific Corporation;Industrials;Building Products & Equipment;5.53;25.72;3.21;1.78;0.0858;-0.1660;21.8950;0.0124;-0.1766;0.3951
MAN;ManpowerGroup Inc.;Industrials;Staffing & Employment Services;1.25;;0.61;0.86;-0.0064;0.0710;101.3830;0.0171;-0.4821;0.5178
MATX;Matson. Inc.;Industrials;Marine Shipping;5.14;12.36;1.88;1.33;0.1638;-0.0850;26.7360;0.1788;0.1422;0.4595
MMS;Maximus. Inc.;Industrials;Specialty Business Services;3.96;11.13;2.30;0.55;0.2209;-0.0410;97.2050;0.1087;0.1142;0.3375
MGRC;McGrath RentCorp;Industrials;Rental & Leasing Services;2.69;18.51;2.25;0.50;0.1270;-0.0390;46.1290;0.2602;-0.1160;0.2886
MIDD;The Middleby Corporation;Industrials;Specialty Industrial Machinery;8.01;;2.71;1.40;-0.0620;0.0420;71.3250;0.1644;-0.0607;0.4118
MSA;MSA Safety Incorporated;Industrials;Security & Protection Services;7.69;27.71;5.61;0.98;0.2222;0.0220;46.8380;0.2413;0.2374;0.2465
MSM;MSC Industrial Direct Co.. Inc.;Industrials;Industrial Distribution;5.13;25.04;3.71;0.82;0.1469;0.0400;41.9450;0.0840;0.2117;0.2882
MWA;Mueller Water Products. Inc.;Industrials;Specialty Industrial Machinery;4.60;23.18;4.52;1.17;0.2155;0.0460;44.4220;0.1886;0.1876;0.3194
MYRG;MYR Group Inc.;Industrials;Engineering & Construction;4.27;44.51;6.91;1.17;0.1622;0.0700;19.2630;0.0471;1.3202;0.4737
NSSC;Napco Security Technologies. Inc.;Industrials;Security & Protection Services;1.60;34.02;8.67;1.48;0.2642;0.1220;2.8430;0.3063;0.8738;0.3933
NMM;Navios Maritime Partners L.P.;Industrials;Marine Shipping;1.99;7.82;0.60;1.35;0.0885;0.0990;64.6440;0.3473;0.5822;0.3368
ECO;Okeanis Eco Tankers Corp.;Industrials;Marine Shipping;1.92;20.67;3.04;-0.06;0.2500;0.4890;105.5850;0.5407;1.2976;0.4316
OSK;Oshkosh Corporation;Industrials;Farm & Heavy Construction Machinery;11.04;17.22;2.38;1.41;0.1490;0.0350;30.4160;0.0795;0.7031;0.3864
OTTR;Otter Tail Corporation;Industrials;Conglomerates;3.54;12.76;1.90;0.54;0.1563;0.0160;60.7300;0.2224;0.0627;0.2290
OC;Owens Corning;Industrials;Building Products & Equipment;10.76;;2.41;1.35;-0.0160;-0.0290;126.3630;0.1807;-0.1923;0.3792
POWL;Powell Industries. Inc.;Industrials;Electrical Equipment & Parts;6.50;34.70;9.71;0.85;0.3216;0.0400;0.2180;0.1703;2.1676;0.5716
PLPC;Preformed Line Products Company;Industrials;Electrical Equipment & Parts;1.27;34.24;2.71;0.76;0.0834;0.2120;10.0440;0.0730;0.9701;0.4569
PRIM;Primoris Services Corporation;Industrials;Engineering & Construction;8.90;32.62;5.47;1.37;0.1856;0.3210;59.0840;0.0634;1.5706;0.4789
PRG;PROG Holdings. Inc.;Industrials;Rental & Leasing Services;1.56;9.98;2.08;1.73;0.1781;-0.0780;80.6690;0.1392;0.4053;0.4216
PRLB;Proto Labs. Inc.;Industrials;Metal Fabrication;1.51;71.92;2.22;1.29;0.0316;0.1210;0.4520;0.0567;0.5744;0.4754
REZI;Resideo Technologies. Inc.;Industrials;Industrial Distribution;5.26;;2.30;1.74;-0.2090;0.0200;127.9680;0.0842;0.8010;0.5400
RHI;Robert Half Inc.;Industrials;Staffing & Employment Services;2.50;18.59;1.93;0.85;0.1002;-0.0580;19.2450;0.0172;-0.5659;0.4907
R;Ryder System. Inc.;Industrials;Rental & Leasing Services;8.59;18.17;2.81;0.95;0.1624;-0.0040;284.4040;0.0687;0.3917;0.3563
SAIA;Saia. Inc.;Industrials;Trucking;10.47;41.30;4.08;2.08;0.1043;0.0010;11.8320;0.0810;-0.0656;0.6085
SNDR;Schneider National. Inc.;Industrials;Trucking;4.94;47.75;1.63;1.08;0.0345;0.0450;16.4250;0.0261;0.0762;0.3751
SITE;SiteOne Landscape Supply. Inc.;Industrials;Industrial Distribution;6.52;43.43;3.93;1.60;0.0961;0.0320;58.2220;-0.0051;0.1146;0.3855
SKYW;SkyWest. Inc.;Industrials;Airlines;4.06;9.71;1.46;1.60;0.1662;0.0850;90.0810;0.1310;0.0443;0.3873
SARO;StandardAero. Inc.;Industrials;Aerospace & Defense;10.38;55.69;4.04;;0.0985;0.2040;99.3930;0.0893;0.1885;0.3505
SXI;Standex International Corporation;Industrials;Specialty Industrial Machinery;3.03;56.08;4.30;1.11;0.1047;0.2660;45.1260;0.1332;0.3412;0.3863
STN;Stantec Inc.;Industrials;Engineering & Construction;10.07;28.25;4.26;0.84;0.1622;0.1180;83.8410;0.1366;0.1579;0.2932
SBLK;Star Bulk Carriers Corp.;Industrials;Marine Shipping;2.87;53.34;1.19;0.77;0.0250;-0.2340;50.9510;0.1410;0.6688;0.3375
TEX;Terex Corporation;Industrials;Farm & Heavy Construction Machinery;7.50;19.80;2.04;1.66;0.1126;0.0620;129.4990;0.0766;0.5974;0.5101
TTEK;Tetra Tech. Inc.;Industrials;Engineering & Construction;9.06;26.11;4.91;0.90;0.1992;-0.1340;57.3140;0.1288;0.1650;0.3606
TTI;TETRA Technologies. Inc.;Industrials;Conglomerates;1.48;12.00;4.97;1.16;0.5401;0.0810;73.5750;0.0726;1.6667;0.6307
THR;Thermon Group Holdings. Inc.;Industrials;Specialty Industrial Machinery;1.61;27.71;2.99;0.73;0.1145;0.0960;29.7350;0.1809;0.7263;0.3993
TKR;The Timken Company;Industrials;Tools & Accessories;7.43;25.99;2.33;1.21;0.1003;0.0350;61.4490;0.1077;0.3580;0.3428
TTC;The Toro Company;Industrials;Tools & Accessories;9.85;31.75;6.78;0.82;0.2104;-0.0090;71.6370;0.0590;0.2845;0.3093
TREX;Trex Company. Inc.;Industrials;Building Products & Equipment;4.25;21.53;4.08;1.59;0.2050;0.2210;15.1850;0.2467;-0.3575;0.5265
UNF;UniFirst Corporation;Industrials;Specialty Business Services;4.21;30.76;1.95;0.71;0.0650;0.0270;3.5580;0.0729;0.1157;0.3806
VVX;V2X. Inc.;Industrials;Aerospace & Defense;2.12;27.04;1.98;0.12;0.0770;0.0790;105.5270;0.0477;0.6140;0.4390
VMI;Valmont Industries. Inc.;Industrials;Conglomerates;9.10;39.61;5.53;1.20;0.2186;0.0010;56.3650;0.1187;0.3552;0.3130
WLDN;Willdan Group. Inc.;Industrials;Engineering & Construction;1.66;40.57;5.88;0.98;0.1638;0.1500;23.9790;0.0817;2.5159;0.6052
WLFC;Willis Lease Finance Corporation;Industrials;Rental & Leasing Services;1.55;12.14;2.38;0.76;0.1895;0.2610;316.3750;0.4555;0.1071;0.4983
WOR;Worthington Enterprises. Inc.;Industrials;Metal Fabrication;2.76;264.21;2.86;1.22;0.1117;0.1950;35.8940;0.0425;0.3181;0.3872
ZIM;ZIM Integrated Shipping Services Ltd.;Industrials;Marine Shipping;3.48;3.47;0.87;1.55;0.2530;-0.3570;140.7990;0.1483;0.6772;0.6530
ZWS;Zurn Elkay Water Solutions Corporation;Industrials;Pollution & Treatment Controls;8.29;44.23;5.16;0.79;0.1206;0.0980;34.5040;0.1594;0.4344;0.3041
